<modification>
	<name><![CDATA[<font color="#0000"><b>Boss - Live Search</font>]]></name>
	<version><![CDATA[<b>1.0</b>]]></version>
	<author><![CDATA[<font color="#CC0000"><b>Bossthemes</font>]]></author>
	<link><![CDATA[www.bossthemes.com]]></link>
	<code>boss-live-search</code>
	<file path="catalog/controller/common/search.php">
		<operation>
			<search><![CDATA[return $this->load->view('common/search', $data);]]></search>
			<add position="before"><![CDATA[
			// 3 Level Category Search
			$this->load->model('catalog/category');
			
			$data['categories'] = array();

			$categories_1 = $this->model_catalog_category->getCategories(0);

			foreach ($categories_1 as $category_1) {
				$level_2_data = array();

				$categories_2 = $this->model_catalog_category->getCategories($category_1['category_id']);

				foreach ($categories_2 as $category_2) {
					$level_3_data = array();

					$categories_3 = $this->model_catalog_category->getCategories($category_2['category_id']);

					foreach ($categories_3 as $category_3) {
						$level_3_data[] = array(
							'category_id' => $category_3['category_id'],
							'name'        => $category_3['name'],
						);
					}

					$level_2_data[] = array(
						'category_id' => $category_2['category_id'],
						'name'        => $category_2['name'],
						'children'    => $level_3_data
					);
				}

				$data['categories'][] = array(
					'category_id' => $category_1['category_id'],
					'name'        => $category_1['name'],
					'children'    => $level_2_data
				);
			}
			]]></add>
		</operation>
	</file>
</modification>
