<modification>
   <name><![CDATA[<font color="#0000"><b>Boss Blog</font>]]></name>
    <version><![CDATA[<b>1.0</b>]]></version>
    <author><![CDATA[<font color="#CC0000"><b>Bossthemes</font>]]></author>
    <link><![CDATA[www.bossthemes.com]]></link>
	<code>bossblog</code>
	<!-- sw-ad@hotmail.com -->	                      
	<file path="catalog/controller/common/column_left.php|catalog/controller/common/column_right.php|catalog/controller/common/content_bottom.php|catalog/controller/common/content_top.php|catalog/controller/bossthemes/header_top.php|catalog/controller/bossthemes/header_menu.php|catalog/controller/bossthemes/header_bottom.php|catalog/controller/bossthemes/footer_top.php|catalog/controller/bossthemes/footer_second.php|catalog/controller/bossthemes/footer_first.php">
		<operation>
			<search><![CDATA[$layout_id = 0;]]></search>
			<add position="after"><![CDATA[
				if ($route == 'bossblog/blogcategory' && isset($this->request->get['path'])) {
					$this->load->model('bossblog/blogcategory');

					$path = explode('_', (string)$this->request->get['path']);

					$layout_id = $this->model_bossblog_blogcategory->getCategoryLayoutId(end($path));
				}
				
				if ($route == 'bossblog/article' && isset($this->request->get['blog_article_id'])) {
					$this->load->model('bossblog/article');

					$layout_id = $this->model_bossblog_article->getArticleLayoutId($this->request->get['blog_article_id']);
				}
			]]></add>
		</operation>
	</file>
</modification>