<modification>
   <name><![CDATA[<font color="#0000"><b>Boss Layout</font>]]></name>
    <version><![CDATA[<b>1.0</b>]]></version>
	<code>boss_layout</code>
    <author><![CDATA[<font color="#CC0000"><b>Bossthemes</font>]]></author>
    <link><![CDATA[www.bossthemes.com]]></link>
	<file path="admin/controller/design/layout.php">
		<operation>
			<search><![CDATA[
				$this->load->language('design/layout');
			]]></search>
			<add position="before"><![CDATA[
				$this->load->language('design/boss_layout');
			]]></add>
		</operation>
	</file>
	<file path="admin/view/template/design/layout_form.twig">
		<operation>
			<search><![CDATA[{% set module_row = 0 %}]]></search>
			<add position="after"><![CDATA[
			<div class="row"> 
			  <!-- Header Top-->
              <div class="col-lg-12 col-md-12 col-sm-12">
                <table id="module-header-top" class="table table-striped table-bordered table-hover">
                  <thead>
                    <tr>
                      <td class="text-center">{{ text_header_top }}</td>
                    </tr>
                  </thead>
                  <tbody>
                    {% for layout_module in layout_modules %}
                    {% if layout_module.position == 'header_top' %}
                    <tr id="module-row{{ module_row }}">
                      <td class="text-left"><div class="input-group">
                          <select name="layout_module[{{ module_row }}][code]" class="form-control input-sm">
                            {% for extension in extensions %}
                            <optgroup label="{{ extension.name }}">
                            {% if not extension.module %}
                            {% if extension.code == layout_module.code %}
                            <option value="{{ extension.code }}" selected="selected">{{ extension.name }}</option>
                            {% else %}
                            <option value="{{ extension.code }}">{{ extension.name }}</option>
                            {% endif %}
                            {% else %}
                            {% for module in extension.module %}
                            {% if module.code == layout_module.code %}
                            <option value="{{ module.code }}" selected="selected">{{ module.name }}</option>
                            {% else %}
                            <option value="{{ module.code }}">{{ module.name }}</option>
                            {% endif %}
                            {% endfor %}
                            {% endif %}
                            </optgroup>
                            {% endfor %}
                          </select>
                          <input type="hidden" name="layout_module[{{ module_row }}][position]" value="{{ layout_module.position }}" />
                          <input type="hidden" name="layout_module[{{ module_row }}][sort_order]" value="{{ layout_module.sort_order }}" />
                          <div class="input-group-btn"><a href="{{ layout_module.edit }}" type="button" data-toggle="tooltip" title="{{ button_edit }}" target="_blank" class="btn btn-primary btn-sm"><i class="fa fa-pencil"></i></a>
                            <button type="button" onclick="$('#module-row{{ module_row }}').remove();" data-toggle="tooltip" title="{{ button_remove }}" class="btn btn-danger btn-sm"><i class="fa fa fa-minus-circle"></i></button>
                          </div>
                        </div></td>
                    </tr>
                    {% set module_row = module_row + 1 %}
                    {% endif %}
                    {% endfor %}
                  </tbody>
                  <tfoot>
                    <tr>
                      <td class="text-left"><div class="input-group">
                          <select class="form-control input-sm">
                            <option value=""></option>
                            {% for extension in extensions %}
                            <optgroup label="{{ extension.name }}">
                            {% if not extension.module %}
                            <option value="{{ extension.code }}">{{ extension.name }}</option>
                            {% else %}
                            {% for module in extension.module %}
                            <option value="{{ module.code }}">{{ module.name }}</option>
                            {% endfor %}
                            {% endif %}
                            </optgroup>
                            {% endfor %}
                          </select>
                          <div class="input-group-btn">
                            <button type="button" onclick="addModule('header-top');" data-toggle="tooltip" title="{{ button_module_add }}" class="btn btn-primary btn-sm"><i class="fa fa-plus-circle"></i></button>
                          </div>
                        </div></td>
                    </tr>
                  </tfoot>
                </table>
              </div>
			  <!--End Header Top--> 
				  
			  <!-- Header Menu -->
              <div class="col-lg-12 col-md-12 col-sm-12">
                <table id="module-header-menu" class="table table-striped table-bordered table-hover">
                  <thead>
                    <tr>
                      <td class="text-center">{{ text_header_menu }}</td>
                    </tr>
                  </thead>
                  <tbody>
                    {% for layout_module in layout_modules %}
                    {% if layout_module.position == 'header_menu' %}
                    <tr id="module-row{{ module_row }}">
                      <td class="text-left"><div class="input-group">
                          <select name="layout_module[{{ module_row }}][code]" class="form-control input-sm">
                            {% for extension in extensions %}
                            <optgroup label="{{ extension.name }}">
                            {% if not extension.module %}
                            {% if extension.code == layout_module.code %}
                            <option value="{{ extension.code }}" selected="selected">{{ extension.name }}</option>
                            {% else %}
                            <option value="{{ extension.code }}">{{ extension.name }}</option>
                            {% endif %}
                            {% else %}
                            {% for module in extension.module %}
                            {% if module.code == layout_module.code %}
                            <option value="{{ module.code }}" selected="selected">{{ module.name }}</option>
                            {% else %}
                            <option value="{{ module.code }}">{{ module.name }}</option>
                            {% endif %}
                            {% endfor %}
                            {% endif %}
                            </optgroup>
                            {% endfor %}
                          </select>
                          <input type="hidden" name="layout_module[{{ module_row }}][position]" value="{{ layout_module.position }}" />
                          <input type="hidden" name="layout_module[{{ module_row }}][sort_order]" value="{{ layout_module.sort_order }}" />
                          <div class="input-group-btn"><a href="{{ layout_module.edit }}" type="button" data-toggle="tooltip" title="{{ button_edit }}" target="_blank" class="btn btn-primary btn-sm"><i class="fa fa-pencil"></i></a>
                            <button type="button" onclick="$('#module-row{{ module_row }}').remove();" data-toggle="tooltip" title="{{ button_remove }}" class="btn btn-danger btn-sm"><i class="fa fa fa-minus-circle"></i></button>
                          </div>
                        </div></td>
                    </tr>
                    {% set module_row = module_row + 1 %}
                    {% endif %}
                    {% endfor %}
                  </tbody>
                  <tfoot>
                    <tr>
                      <td class="text-left"><div class="input-group">
                          <select class="form-control input-sm">
                            <option value=""></option>
                            {% for extension in extensions %}
                            <optgroup label="{{ extension.name }}">
                            {% if not extension.module %}
                            <option value="{{ extension.code }}">{{ extension.name }}</option>
                            {% else %}
                            {% for module in extension.module %}
                            <option value="{{ module.code }}">{{ module.name }}</option>
                            {% endfor %}
                            {% endif %}
                            </optgroup>
                            {% endfor %}
                          </select>
                          <div class="input-group-btn">
                            <button type="button" onclick="addModule('header-menu');" data-toggle="tooltip" title="{{ button_module_add }}" class="btn btn-primary btn-sm"><i class="fa fa-plus-circle"></i></button>
                          </div>
                        </div></td>
                    </tr>
                  </tfoot>
                </table>
              </div>
			  <!-- End Header Menu --> 
			  
			  <!-- Header Content -->
              <div class="col-lg-12 col-md-12 col-sm-12">
                <table id="module-header-content" class="table table-striped table-bordered table-hover">
                  <thead>
                    <tr>
                      <td class="text-center">{{ text_header_content }}</td>
                    </tr>
                  </thead>
                  <tbody>
                    {% for layout_module in layout_modules %}
                    {% if layout_module.position == 'header_content' %}
                    <tr id="module-row{{ module_row }}">
                      <td class="text-left"><div class="input-group">
                          <select name="layout_module[{{ module_row }}][code]" class="form-control input-sm">
                            {% for extension in extensions %}
                            <optgroup label="{{ extension.name }}">
                            {% if not extension.module %}
                            {% if extension.code == layout_module.code %}
                            <option value="{{ extension.code }}" selected="selected">{{ extension.name }}</option>
                            {% else %}
                            <option value="{{ extension.code }}">{{ extension.name }}</option>
                            {% endif %}
                            {% else %}
                            {% for module in extension.module %}
                            {% if module.code == layout_module.code %}
                            <option value="{{ module.code }}" selected="selected">{{ module.name }}</option>
                            {% else %}
                            <option value="{{ module.code }}">{{ module.name }}</option>
                            {% endif %}
                            {% endfor %}
                            {% endif %}
                            </optgroup>
                            {% endfor %}
                          </select>
                          <input type="hidden" name="layout_module[{{ module_row }}][position]" value="{{ layout_module.position }}" />
                          <input type="hidden" name="layout_module[{{ module_row }}][sort_order]" value="{{ layout_module.sort_order }}" />
                          <div class="input-group-btn"><a href="{{ layout_module.edit }}" type="button" data-toggle="tooltip" title="{{ button_edit }}" target="_blank" class="btn btn-primary btn-sm"><i class="fa fa-pencil"></i></a>
                            <button type="button" onclick="$('#module-row{{ module_row }}').remove();" data-toggle="tooltip" title="{{ button_remove }}" class="btn btn-danger btn-sm"><i class="fa fa fa-minus-circle"></i></button>
                          </div>
                        </div></td>
                    </tr>
                    {% set module_row = module_row + 1 %}
                    {% endif %}
                    {% endfor %}
                  </tbody>
                  <tfoot>
                    <tr>
                      <td class="text-left"><div class="input-group">
                          <select class="form-control input-sm">
                            <option value=""></option>
                            {% for extension in extensions %}
                            <optgroup label="{{ extension.name }}">
                            {% if not extension.module %}
                            <option value="{{ extension.code }}">{{ extension.name }}</option>
                            {% else %}
                            {% for module in extension.module %}
                            <option value="{{ module.code }}">{{ module.name }}</option>
                            {% endfor %}
                            {% endif %}
                            </optgroup>
                            {% endfor %}
                          </select>
                          <div class="input-group-btn">
                            <button type="button" onclick="addModule('header-content');" data-toggle="tooltip" title="{{ button_module_add }}" class="btn btn-primary btn-sm"><i class="fa fa-plus-circle"></i></button>
                          </div>
                        </div></td>
                    </tr>
                  </tfoot>
                </table>
              </div>
			  <!-- End Header Content --> 
				  
			  <!-- Header Bottom-->
              <div class="col-lg-12 col-md-12 col-sm-12">
                <table id="module-header-bottom" class="table table-striped table-bordered table-hover">
                  <thead>
                    <tr>
                      <td class="text-center">{{ text_header_bottom }}</td>
                    </tr>
                  </thead>
                  <tbody>
                    {% for layout_module in layout_modules %}
                    {% if layout_module.position == 'header_bottom' %}
                    <tr id="module-row{{ module_row }}">
                      <td class="text-left"><div class="input-group">
                          <select name="layout_module[{{ module_row }}][code]" class="form-control input-sm">
                            {% for extension in extensions %}
                            <optgroup label="{{ extension.name }}">
                            {% if not extension.module %}
                            {% if extension.code == layout_module.code %}
                            <option value="{{ extension.code }}" selected="selected">{{ extension.name }}</option>
                            {% else %}
                            <option value="{{ extension.code }}">{{ extension.name }}</option>
                            {% endif %}
                            {% else %}
                            {% for module in extension.module %}
                            {% if module.code == layout_module.code %}
                            <option value="{{ module.code }}" selected="selected">{{ module.name }}</option>
                            {% else %}
                            <option value="{{ module.code }}">{{ module.name }}</option>
                            {% endif %}
                            {% endfor %}
                            {% endif %}
                            </optgroup>
                            {% endfor %}
                          </select>
                          <input type="hidden" name="layout_module[{{ module_row }}][position]" value="{{ layout_module.position }}" />
                          <input type="hidden" name="layout_module[{{ module_row }}][sort_order]" value="{{ layout_module.sort_order }}" />
                          <div class="input-group-btn"><a href="{{ layout_module.edit }}" type="button" data-toggle="tooltip" title="{{ button_edit }}" target="_blank" class="btn btn-primary btn-sm"><i class="fa fa-pencil"></i></a>
                            <button type="button" onclick="$('#module-row{{ module_row }}').remove();" data-toggle="tooltip" title="{{ button_remove }}" class="btn btn-danger btn-sm"><i class="fa fa fa-minus-circle"></i></button>
                          </div>
                        </div></td>
                    </tr>
                    {% set module_row = module_row + 1 %}
                    {% endif %}
                    {% endfor %}
                  </tbody>
                  <tfoot>
                    <tr>
                      <td class="text-left"><div class="input-group">
                          <select class="form-control input-sm">
                            <option value=""></option>
                            {% for extension in extensions %}
                            <optgroup label="{{ extension.name }}">
                            {% if not extension.module %}
                            <option value="{{ extension.code }}">{{ extension.name }}</option>
                            {% else %}
                            {% for module in extension.module %}
                            <option value="{{ module.code }}">{{ module.name }}</option>
                            {% endfor %}
                            {% endif %}
                            </optgroup>
                            {% endfor %}
                          </select>
                          <div class="input-group-btn">
                            <button type="button" onclick="addModule('header-bottom');" data-toggle="tooltip" title="{{ button_module_add }}" class="btn btn-primary btn-sm"><i class="fa fa-plus-circle"></i></button>
                          </div>
                        </div></td>
                    </tr>
                  </tfoot>
                </table>
              </div>
			  <!--End Header Bottom--> 
			</div>
			]]></add>
		</operation>
		<operation>
			<search index="1"><![CDATA[</fieldset>]]></search>
			<add position="before"><![CDATA[
			<div class="row"> 
			  <!--Footer Top-->
              <div class="col-lg-12 col-md-12 col-sm-12">
                <table id="module-footer-top" class="table table-striped table-bordered table-hover">
                  <thead>
                    <tr>
                      <td class="text-center">{{ text_footer_top }}</td>
                    </tr>
                  </thead>
                  <tbody>
                    {% for layout_module in layout_modules %}
                    {% if layout_module.position == 'footer_top' %}
                    <tr id="module-row{{ module_row }}">
                      <td class="text-left"><div class="input-group">
                          <select name="layout_module[{{ module_row }}][code]" class="form-control input-sm">
                            {% for extension in extensions %}
                            <optgroup label="{{ extension.name }}">
                            {% if not extension.module %}
                            {% if extension.code == layout_module.code %}
                            <option value="{{ extension.code }}" selected="selected">{{ extension.name }}</option>
                            {% else %}
                            <option value="{{ extension.code }}">{{ extension.name }}</option>
                            {% endif %}
                            {% else %}
                            {% for module in extension.module %}
                            {% if module.code == layout_module.code %}
                            <option value="{{ module.code }}" selected="selected">{{ module.name }}</option>
                            {% else %}
                            <option value="{{ module.code }}">{{ module.name }}</option>
                            {% endif %}
                            {% endfor %}
                            {% endif %}
                            </optgroup>
                            {% endfor %}
                          </select>
                          <input type="hidden" name="layout_module[{{ module_row }}][position]" value="{{ layout_module.position }}" />
                          <input type="hidden" name="layout_module[{{ module_row }}][sort_order]" value="{{ layout_module.sort_order }}" />
                          <div class="input-group-btn"><a href="{{ layout_module.edit }}" type="button" data-toggle="tooltip" title="{{ button_edit }}" target="_blank" class="btn btn-primary btn-sm"><i class="fa fa-pencil"></i></a>
                            <button type="button" onclick="$('#module-row{{ module_row }}').remove();" data-toggle="tooltip" title="{{ button_remove }}" class="btn btn-danger btn-sm"><i class="fa fa fa-minus-circle"></i></button>
                          </div>
                        </div></td>
                    </tr>
                    {% set module_row = module_row + 1 %}
                    {% endif %}
                    {% endfor %}
                  </tbody>
                  <tfoot>
                    <tr>
                      <td class="text-left"><div class="input-group">
                          <select class="form-control input-sm">
                            <option value=""></option>
                            {% for extension in extensions %}
                            <optgroup label="{{ extension.name }}">
                            {% if not extension.module %}
                            <option value="{{ extension.code }}">{{ extension.name }}</option>
                            {% else %}
                            {% for module in extension.module %}
                            <option value="{{ module.code }}">{{ module.name }}</option>
                            {% endfor %}
                            {% endif %}
                            </optgroup>
                            {% endfor %}
                          </select>
                          <div class="input-group-btn">
                            <button type="button" onclick="addModule('footer-top');" data-toggle="tooltip" title="{{ button_module_add }}" class="btn btn-primary btn-sm"><i class="fa fa-plus-circle"></i></button>
                          </div>
                        </div></td>
                    </tr>
                  </tfoot>
                </table>
              </div>
			  <!--End Footer Top--> 

			  <!--Footer 1-->
              <div class="col-lg-6 col-md-6 col-sm-6">
                <table id="module-footer-first" class="table table-striped table-bordered table-hover">
                  <thead>
                    <tr>
                      <td class="text-center">{{ text_footer_first }}</td>
                    </tr>
                  </thead>
                  <tbody>
                    {% for layout_module in layout_modules %}
                    {% if layout_module.position == 'footer_first' %}
                    <tr id="module-row{{ module_row }}">
                      <td class="text-left"><div class="input-group">
                          <select name="layout_module[{{ module_row }}][code]" class="form-control input-sm">
                            {% for extension in extensions %}
                            <optgroup label="{{ extension.name }}">
                            {% if not extension.module %}
                            {% if extension.code == layout_module.code %}
                            <option value="{{ extension.code }}" selected="selected">{{ extension.name }}</option>
                            {% else %}
                            <option value="{{ extension.code }}">{{ extension.name }}</option>
                            {% endif %}
                            {% else %}
                            {% for module in extension.module %}
                            {% if module.code == layout_module.code %}
                            <option value="{{ module.code }}" selected="selected">{{ module.name }}</option>
                            {% else %}
                            <option value="{{ module.code }}">{{ module.name }}</option>
                            {% endif %}
                            {% endfor %}
                            {% endif %}
                            </optgroup>
                            {% endfor %}
                          </select>
                          <input type="hidden" name="layout_module[{{ module_row }}][position]" value="{{ layout_module.position }}" />
                          <input type="hidden" name="layout_module[{{ module_row }}][sort_order]" value="{{ layout_module.sort_order }}" />
                          <div class="input-group-btn"><a href="{{ layout_module.edit }}" type="button" data-toggle="tooltip" title="{{ button_edit }}" target="_blank" class="btn btn-primary btn-sm"><i class="fa fa-pencil"></i></a>
                            <button type="button" onclick="$('#module-row{{ module_row }}').remove();" data-toggle="tooltip" title="{{ button_remove }}" class="btn btn-danger btn-sm"><i class="fa fa fa-minus-circle"></i></button>
                          </div>
                        </div></td>
                    </tr>
                    {% set module_row = module_row + 1 %}
                    {% endif %}
                    {% endfor %}
                  </tbody>
                  <tfoot>
                    <tr>
                      <td class="text-left"><div class="input-group">
                          <select class="form-control input-sm">
                            <option value=""></option>
                            {% for extension in extensions %}
                            <optgroup label="{{ extension.name }}">
                            {% if not extension.module %}
                            <option value="{{ extension.code }}">{{ extension.name }}</option>
                            {% else %}
                            {% for module in extension.module %}
                            <option value="{{ module.code }}">{{ module.name }}</option>
                            {% endfor %}
                            {% endif %}
                            </optgroup>
                            {% endfor %}
                          </select>
                          <div class="input-group-btn">
                            <button type="button" onclick="addModule('footer-first');" data-toggle="tooltip" title="{{ button_module_add }}" class="btn btn-primary btn-sm"><i class="fa fa-plus-circle"></i></button>
                          </div>
                        </div></td>
                    </tr>
                  </tfoot>
                </table>
              </div>
			  <!--End Footer 1--> 
				  
			  <!--Footer 2-->
              <div class="col-lg-6 col-md-6 col-sm-6">
                <table id="module-footer-second" class="table table-striped table-bordered table-hover">
                  <thead>
                    <tr>
                      <td class="text-center">{{ text_footer_second }}</td>
                    </tr>
                  </thead>
                  <tbody>
                    {% for layout_module in layout_modules %}
                    {% if layout_module.position == 'footer_second' %}
                    <tr id="module-row{{ module_row }}">
                      <td class="text-left"><div class="input-group">
                          <select name="layout_module[{{ module_row }}][code]" class="form-control input-sm">
                            {% for extension in extensions %}
                            <optgroup label="{{ extension.name }}">
                            {% if not extension.module %}
                            {% if extension.code == layout_module.code %}
                            <option value="{{ extension.code }}" selected="selected">{{ extension.name }}</option>
                            {% else %}
                            <option value="{{ extension.code }}">{{ extension.name }}</option>
                            {% endif %}
                            {% else %}
                            {% for module in extension.module %}
                            {% if module.code == layout_module.code %}
                            <option value="{{ module.code }}" selected="selected">{{ module.name }}</option>
                            {% else %}
                            <option value="{{ module.code }}">{{ module.name }}</option>
                            {% endif %}
                            {% endfor %}
                            {% endif %}
                            </optgroup>
                            {% endfor %}
                          </select>
                          <input type="hidden" name="layout_module[{{ module_row }}][position]" value="{{ layout_module.position }}" />
                          <input type="hidden" name="layout_module[{{ module_row }}][sort_order]" value="{{ layout_module.sort_order }}" />
                          <div class="input-group-btn"><a href="{{ layout_module.edit }}" type="button" data-toggle="tooltip" title="{{ button_edit }}" target="_blank" class="btn btn-primary btn-sm"><i class="fa fa-pencil"></i></a>
                            <button type="button" onclick="$('#module-row{{ module_row }}').remove();" data-toggle="tooltip" title="{{ button_remove }}" class="btn btn-danger btn-sm"><i class="fa fa fa-minus-circle"></i></button>
                          </div>
                        </div></td>
                    </tr>
                    {% set module_row = module_row + 1 %}
                    {% endif %}
                    {% endfor %}
                  </tbody>
                  <tfoot>
                    <tr>
                      <td class="text-left"><div class="input-group">
                          <select class="form-control input-sm">
                            <option value=""></option>
                            {% for extension in extensions %}
                            <optgroup label="{{ extension.name }}">
                            {% if not extension.module %}
                            <option value="{{ extension.code }}">{{ extension.name }}</option>
                            {% else %}
                            {% for module in extension.module %}
                            <option value="{{ module.code }}">{{ module.name }}</option>
                            {% endfor %}
                            {% endif %}
                            </optgroup>
                            {% endfor %}
                          </select>
                          <div class="input-group-btn">
                            <button type="button" onclick="addModule('footer-second');" data-toggle="tooltip" title="{{ button_module_add }}" class="btn btn-primary btn-sm"><i class="fa fa-plus-circle"></i></button>
                          </div>
                        </div></td>
                    </tr>
                  </tfoot>
                </table>
              </div>
			  <!--End Footer 2--> 
				</div>
			]]></add>
		</operation>
		<operation>
			<search><![CDATA[#module-content-bottom]]></search>
			<add position="replace"><![CDATA[#module-content-bottom, #module-header-top, #module-header-menu, #module-header-content, #module-header-bottom, #module-footer-top, #module-footer-first,#module-footer-second]]></add>
		</operation>
	</file>
	<file path="catalog/controller/common/header.php">
		<operation>
			<search><![CDATA[
				$data['title'] = $this->document->getTitle();
			]]></search>
			<add position="before"><![CDATA[
				$data['header_top'] = $this->load->controller('bossthemes/header_top');
				$data['header_menu'] = $this->load->controller('bossthemes/header_menu');
				$data['header_content'] = $this->load->controller('bossthemes/header_content');
				$data['header_bottom'] = $this->load->controller('bossthemes/header_bottom');
			]]></add>
		</operation>
	</file>
	<file path="catalog/controller/common/footer.php">
		<operation>
			<search><![CDATA[
				$this->load->language('common/footer');
			]]></search>
			<add position="before"><![CDATA[
				$data['footer_top'] = $this->load->controller('bossthemes/footer_top');
				$data['footer_first'] = $this->load->controller('bossthemes/footer_first');
				$data['footer_second'] = $this->load->controller('bossthemes/footer_second');
			]]></add>
		</operation>
	</file>
	<file path="admin/controller/common/column_left.php">
		<operation>
			<search><![CDATA[$design = array();]]></search>
			<add position="after"><![CDATA[
			$this->load->language('design/boss_layout');
			
			if ($this->user->hasPermission('access', 'design/boss_layout')) {		
				$design[] = array(
					'name'	   => $this->language->get('heading_title'),
					'href'     => $this->url->link('design/boss_layout', 'user_token=' . $this->session->data['user_token'], true),
					'children' => array()
				);					
			}
            ]]></add>
		</operation>
	</file>
</modification>